correction_id,entity_type,entity_id,field_corrected,old_value,new_value,reason,corrected_at,corrected_by
COR-0001,invoice,INV-00666,customer_id,paid,void,Agent every development say.,2024-03-15T10:00:00Z,Stephanie Miller
COR-0002,invoice,INV-00625,customer_id,paid,void,All behavior discussion own night respond.,2024-03-15T10:00:00Z,Jennifer Cole
COR-0003,invoice,INV-00116,status,paid,void,Speak according south recently future.,2024-03-15T10:00:00Z,Tyler Rogers
COR-0004,invoice,INV-00479,amount,140.36,147.38,Here grow gas enough.,2024-03-15T10:00:00Z,Joe Martinez
COR-0005,invoice,INV-00234,amount,0.0,0.0,Bad fall pick those gun court.,2024-03-15T10:00:00Z,Matthew Mejia
COR-0006,invoice,INV-00725,status,paid,void,Talk term herself law.,2024-03-15T10:00:00Z,Carla Kelly
COR-0007,invoice,INV-00209,customer_id,overdue,void,Reduce raise author play move.,2024-03-15T10:00:00Z,Joel Nelson
COR-0008,invoice,INV-00868,customer_id,disputed,void,Detail food shoulder argue start source husband.,2024-03-15T10:00:00Z,Thomas Bradley
COR-0009,invoice,INV-00940,invoice_date,overdue,void,Defense material those poor central cause.,2024-03-15T10:00:00Z,Kimberly Burgess
COR-0010,invoice,INV-00480,customer_id,paid,void,Today human despite young meeting before.,2024-03-15T10:00:00Z,Brian Burton
COR-0011,invoice,INV-00985,invoice_date,paid,void,Others his other life edge network.,2024-03-15T10:00:00Z,Melanie Wilson
COR-0012,invoice,INV-00901,amount,146.69,154.02,Seem shoulder future fall citizen about reveal.,2024-03-15T10:00:00Z,Valerie Gill
COR-0013,invoice,INV-00779,customer_id,paid,void,Tree that fear police participant check several.,2024-03-15T10:00:00Z,Paula Moreno
COR-0014,invoice,INV-00707,status,pending,void,Out major born.,2024-03-15T10:00:00Z,William Roman
COR-0015,invoice,INV-00381,amount,986.26,1035.57,Around there water beat magazine.,2024-03-15T10:00:00Z,Philip Cannon
COR-0016,invoice,INV-00368,amount,53.81,56.5,Process water close month.,2024-03-15T10:00:00Z,Tracey Hickman
COR-0017,invoice,INV-00533,status,disputed,void,Require human public health tonight.,2024-03-15T10:00:00Z,David Brown
COR-0018,invoice,INV-00627,customer_id,paid,void,Open discover detail.,2024-03-15T10:00:00Z,Mark Perez
COR-0019,invoice,INV-00255,invoice_date,paid,void,Teacher audience draw.,2024-03-15T10:00:00Z,Cindy Anderson
COR-0020,invoice,INV-00079,customer_id,paid,void,Office drug list imagine behind probably great.,2024-03-15T10:00:00Z,Scott Brown
COR-0021,invoice,INV-00030,invoice_date,paid,void,Art rock song body.,2024-03-15T10:00:00Z,Joshua Taylor
COR-0022,invoice,INV-00221,invoice_date,disputed,void,Everything economic type kitchen.,2024-03-15T10:00:00Z,Krista Williams
COR-0023,invoice,INV-00240,invoice_date,paid,void,Structure why unit support coach magazine degree.,2024-03-15T10:00:00Z,Anthony Gray
COR-0024,invoice,INV-00681,invoice_date,paid,void,Enter six lawyer institution whatever yet.,2024-03-15T10:00:00Z,Michelle Moore
COR-0025,invoice,INV-00050,amount,415.35,436.12,Design around save article finish.,2024-03-15T10:00:00Z,John Calhoun
COR-0026,invoice,INV-00052,status,paid,void,Church whether bag control organization push dog.,2024-03-15T10:00:00Z,Steve Sanchez
COR-0027,invoice,INV-00045,customer_id,paid,void,Always bank price north first end prove fire.,2024-03-15T10:00:00Z,Carlos Brewer
COR-0028,invoice,INV-01042,amount,149.22,156.68,First sell authority leader your you available.,2024-03-15T10:00:00Z,Derek Mahoney
COR-0029,invoice,INV-01088,status,void,void,These hard citizen street.,2024-03-15T10:00:00Z,Lisa Archer
COR-0030,invoice,INV-00429,status,pending,void,Account stage federal professional voice care break.,2024-03-15T10:00:00Z,Juan Nelson
COR-0031,invoice,INV-00706,customer_id,paid,void,Decision garden reach table measure economy traditional anything.,2024-03-15T10:00:00Z,Sandra Williams
COR-0032,invoice,INV-00527,amount,377.66,396.54,Side PM energy scientist necessary into.,2024-03-15T10:00:00Z,Benjamin Ware
COR-0033,invoice,INV-00858,customer_id,paid,void,Nation strong old challenge.,2024-03-15T10:00:00Z,Eric Nolan
COR-0034,invoice,INV-00773,invoice_date,paid,void,Together decide economic.,2024-03-15T10:00:00Z,Richard Henson
COR-0035,invoice,INV-00102,customer_id,paid,void,Wind see understand door class son.,2024-03-15T10:00:00Z,Jason White
COR-0036,invoice,INV-00423,customer_id,pending,void,Site in prove same easy city.,2024-03-15T10:00:00Z,Janet Williams
COR-0037,invoice,INV-00245,customer_id,disputed,void,Develop staff least figure somebody dinner age.,2024-03-15T10:00:00Z,Garrett Lin
COR-0038,invoice,INV-00708,invoice_date,pending,void,Go meeting quickly such former.,2024-03-15T10:00:00Z,Shawn Green
COR-0039,invoice,INV-01396,status,paid,void,While enter board its rock finish paper memory.,2024-03-15T10:00:00Z,Kenneth Scott
COR-0040,invoice,INV-01010,status,pending,void,Ability understand Mrs rest score provide.,2024-03-15T10:00:00Z,Benjamin Beck
COR-0041,invoice,INV-00068,amount,47.42,49.79,Perhaps professional by tonight medical project.,2024-03-15T10:00:00Z,Michael Spencer
COR-0042,invoice,INV-01095,status,paid,void,Inside wait quality total past.,2024-03-15T10:00:00Z,Joshua Smith
COR-0043,invoice,INV-00515,status,overdue,void,Decision size parent focus kid.,2024-03-15T10:00:00Z,Kayla Leon
COR-0044,invoice,INV-00863,invoice_date,paid,void,Probably exist professional people.,2024-03-15T10:00:00Z,Trevor Young
COR-0045,invoice,INV-00355,amount,155.48,163.25,Different current agency each little.,2024-03-15T10:00:00Z,Angel Perry
COR-0046,invoice,INV-00959,customer_id,paid,void,Offer responsibility himself hundred challenge reach throughout team.,2024-03-15T10:00:00Z,Paula Robinson
COR-0047,invoice,INV-01049,status,paid,void,Let newspaper true building card let most.,2024-03-15T10:00:00Z,Emily Fischer
COR-0048,invoice,INV-00812,amount,429.94,451.44,Partner rest measure store natural today.,2024-03-15T10:00:00Z,Karen Green
COR-0049,invoice,INV-00077,amount,141.49,148.56,Style everyone sing machine dream.,2024-03-15T10:00:00Z,Micheal Young
COR-0050,invoice,INV-00757,status,paid,void,Floor music catch discuss really relationship.,2024-03-15T10:00:00Z,Jason Daniels
COR-0051,invoice,INV-00793,status,paid,void,Artist strategy hope show watch affect.,2024-03-15T10:00:00Z,Laura Woods
COR-0052,invoice,INV-00071,amount,143.69,150.87,Fear hope through structure Mrs same.,2024-03-15T10:00:00Z,Stephanie Freeman
COR-0053,invoice,INV-00580,amount,44.9,47.15,Job ahead from quickly identify.,2024-03-15T10:00:00Z,John Anderson
COR-0054,invoice,INV-01145,customer_id,pending,void,Move trade option production base investment term consider.,2024-03-15T10:00:00Z,Garrett Gibson
COR-0055,invoice,INV-01117,invoice_date,paid,void,Seven here sell story edge bank.,2024-03-15T10:00:00Z,Joshua Cooke
COR-0056,invoice,INV-00576,status,disputed,void,Difference attention whatever American all easy.,2024-03-15T10:00:00Z,Lisa Allen
COR-0057,invoice,INV-00345,amount,0.0,0.0,Prove nor design record short cold parent.,2024-03-15T10:00:00Z,Ashley Weiss
COR-0058,invoice,INV-00824,status,paid,void,Blue agent find quality when.,2024-03-15T10:00:00Z,Miguel Jones
COR-0059,invoice,INV-00278,customer_id,pending,void,Drug recent feeling range south someone not American.,2024-03-15T10:00:00Z,Mary Jones
COR-0060,invoice,INV-00491,status,paid,void,Actually information majority item gun through.,2024-03-15T10:00:00Z,Christian Thompson
