subscription_id,customer_id,plan_id,start_date,end_date,mrr,billing_cycle,auto_renew,status
SUB-0001,CUST-045,PLN-LEGACY,2024-01-11,,89.42,monthly,True,active
SUB-0002,CUST-387,PLN-ENT,2022-08-07,,963.82,monthly,False,active
SUB-0003,CUST-328,PLN-BIZ,2022-12-23,,369.55,monthly,False,active
SUB-0004,CUST-220,PLN-START,2023-02-15,,46.7,monthly,True,active
SUB-0005,CUST-217,PLN-ENT,2022-11-14,,1084.94,monthly,False,active
SUB-0006,CUST-430,PLN-BIZ,2022-05-03,2022-11-14,379.76,monthly,False,cancelled
SUB-0007,CUST-043,PLN-START,2022-09-04,,46.84,annual,True,active
SUB-0008,CUST-349,PLN-LEGACY,2023-02-03,,108.44,monthly,True,active
SUB-0009,CUST-101,PLN-START,2023-06-20,,44.4,monthly,True,active
SUB-0010,CUST-048,PLN-ENT,2023-05-26,,935.33,monthly,True,active
SUB-0011,CUST-264,PLN-PRO,2022-12-12,,144.69,monthly,True,active
SUB-0012,CUST-488,PLN-PRO,2022-12-16,,144.87,annual,True,active
SUB-0013,CUST-368,PLN-FREE,2022-11-18,,0.0,monthly,False,active
SUB-0014,CUST-381,PLN-BIZ,2022-09-14,2023-10-01,362.21,monthly,True,cancelled
SUB-0015,CUST-359,PLN-FREE,2022-06-28,2022-11-14,0.0,annual,True,expired
SUB-0016,CUST-394,PLN-START,2023-08-29,,53.28,monthly,True,active
SUB-0017,CUST-257,PLN-START,2023-01-31,,51.09,annual,True,active
SUB-0018,CUST-065,PLN-BIZ,2022-05-03,,400.53,monthly,True,active
SUB-0019,CUST-420,PLN-START,2023-03-30,,50.11,monthly,False,active
SUB-0020,CUST-226,PLN-ENT,2022-07-18,,907.0,monthly,True,active
SUB-0021,CUST-251,PLN-PRO,2022-07-24,,142.26,monthly,True,cancelled
SUB-0022,CUST-186,PLN-FREE,2022-05-25,,0.0,monthly,True,suspended
SUB-0023,CUST-092,PLN-FREE,2022-09-03,2022-11-05,0.0,monthly,True,cancelled
SUB-0024,CUST-464,PLN-FREE,2022-08-07,,0.0,monthly,True,active
SUB-0025,CUST-391,PLN-PRO,2023-07-22,2024-06-11,163.63,annual,True,expired
SUB-0026,CUST-322,PLN-BIZ,2023-02-03,,384.2,annual,True,active
SUB-0027,CUST-202,PLN-START,2022-04-02,,52.37,annual,True,active
SUB-0028,CUST-412,PLN-BIZ,2023-07-30,,423.45,monthly,False,active
SUB-0029,CUST-273,PLN-FREE,2022-12-01,2023-10-11,0.0,monthly,False,expired
SUB-0030,CUST-222,PLN-BIZ,2023-05-17,,366.54,monthly,True,active
SUB-0031,CUST-226,PLN-ENT,2023-08-01,2024-01-06,1058.78,monthly,False,cancelled
SUB-0032,CUST-114,PLN-BIZ,2022-03-15,,381.12,monthly,True,active
SUB-0033,CUST-047,PLN-PRO,2023-09-30,2024-04-04,147.46,monthly,True,expired
SUB-0034,CUST-278,PLN-BIZ,2023-11-19,,429.28,monthly,False,active
SUB-0035,CUST-444,PLN-FREE,2022-11-16,,0.0,monthly,True,active
SUB-0036,CUST-032,PLN-START,2022-02-07,2022-05-04,48.19,monthly,True,expired
SUB-0037,CUST-430,PLN-START,2022-12-29,,47.55,monthly,True,active
SUB-0038,CUST-414,PLN-PRO,2023-09-10,,141.75,annual,True,active
SUB-0039,CUST-139,PLN-BIZ,2023-11-26,,436.31,annual,True,active
SUB-0040,CUST-316,PLN-PRO,2023-01-30,,139.17,annual,True,active
SUB-0041,CUST-083,PLN-BIZ,2022-09-22,,380.12,annual,True,active
SUB-0042,CUST-380,PLN-START,2023-02-27,,51.17,monthly,True,active
SUB-0043,CUST-351,PLN-BIZ,2022-08-10,,424.21,monthly,True,active
SUB-0044,CUST-178,PLN-START,2022-07-13,2022-11-16,50.6,monthly,False,cancelled
SUB-0045,CUST-034,PLN-START,2023-11-03,,45.92,monthly,True,active
SUB-0046,CUST-486,PLN-BIZ,2023-06-19,,416.4,monthly,True,active
SUB-0047,CUST-223,PLN-ENT,2022-03-20,,1098.85,monthly,False,active
SUB-0048,CUST-447,PLN-PRO,2023-11-05,,148.47,annual,True,active
SUB-0049,CUST-339,PLN-FREE,2022-03-27,,0.0,annual,False,active
SUB-0050,CUST-390,PLN-PRO,2023-07-08,2024-01-07,143.48,monthly,True,expired
SUB-0051,CUST-380,PLN-FREE,2023-10-07,2024-02-07,0.0,monthly,False,expired
SUB-0052,CUST-098,PLN-LEGACY,2022-03-29,,103.06,monthly,True,active
SUB-0053,CUST-182,PLN-BIZ,2023-05-06,,386.15,monthly,True,active
SUB-0054,CUST-234,PLN-START,2023-01-02,,53.41,annual,False,active
SUB-0055,CUST-249,PLN-FREE,2022-04-13,,0.0,monthly,True,active
SUB-0056,CUST-022,PLN-START,2022-12-18,,49.36,monthly,True,active
SUB-0057,CUST-274,PLN-ENT,2022-10-04,,949.96,monthly,True,active
SUB-0058,CUST-078,PLN-PRO,2022-07-03,,141.9,monthly,True,active
SUB-0059,CUST-372,PLN-BIZ,2022-09-17,,401.71,annual,True,active
SUB-0060,CUST-342,PLN-PRO,2022-04-03,,151.61,annual,True,active
SUB-0061,CUST-462,PLN-PRO,2023-11-14,,157.75,monthly,True,active
SUB-0062,CUST-373,PLN-START,2022-01-15,,50.94,annual,True,active
SUB-0063,CUST-184,PLN-ENT,2022-03-11,,1011.39,monthly,True,active
SUB-0064,CUST-484,PLN-START,2023-03-25,,49.08,annual,False,active
SUB-0065,CUST-206,PLN-PRO,2023-04-17,,152.35,annual,True,active
SUB-0066,CUST-163,PLN-PRO,2023-06-16,,160.0,monthly,True,active
SUB-0067,CUST-453,PLN-PRO,2022-06-12,,159.74,monthly,True,active
SUB-0068,CUST-186,PLN-ENT,2022-08-21,,936.68,monthly,True,suspended
SUB-0069,CUST-039,PLN-START,2022-06-03,,45.02,annual,True,active
SUB-0070,CUST-235,PLN-PRO,2022-05-04,2023-02-20,140.05,monthly,False,cancelled
SUB-0071,CUST-398,PLN-PRO,2023-06-05,2023-07-19,152.29,monthly,True,expired
SUB-0072,CUST-095,PLN-PRO,2023-12-18,,155.81,monthly,True,active
SUB-0073,CUST-232,PLN-START,2023-07-02,,53.4,annual,True,active
SUB-0074,CUST-065,PLN-START,2023-08-13,,48.86,monthly,True,active
SUB-0075,CUST-344,PLN-START,2023-01-27,,48.33,monthly,False,expired
SUB-0076,CUST-238,PLN-LEGACY,2022-01-03,,108.8,monthly,True,active
SUB-0077,CUST-166,PLN-PRO,2022-05-16,2022-07-22,144.59,monthly,True,expired
SUB-0078,CUST-114,PLN-PRO,2023-07-28,,148.89,annual,True,active
SUB-0079,CUST-283,PLN-PRO,2022-08-08,,136.1,monthly,True,active
SUB-0080,CUST-335,PLN-PRO,2022-07-17,,163.48,monthly,True,active
SUB-0081,CUST-471,PLN-PRO,2022-04-27,,151.19,monthly,True,active
SUB-0082,CUST-219,PLN-START,2022-10-10,,52.2,monthly,True,active
SUB-0083,CUST-081,PLN-PRO,2023-02-21,,154.65,annual,True,active
SUB-0084,CUST-417,PLN-START,2023-03-02,,44.78,monthly,True,active
SUB-0085,CUST-315,PLN-FREE,2022-01-06,2022-10-30,0.0,annual,True,cancelled
SUB-0086,CUST-351,PLN-PRO,2022-02-26,,136.08,annual,True,active
SUB-0087,CUST-049,PLN-PRO,2022-03-08,,134.81,monthly,False,active
SUB-0088,CUST-157,PLN-START,2022-08-02,,46.4,monthly,True,active
SUB-0089,CUST-384,PLN-PRO,2023-08-20,,148.67,monthly,False,suspended
SUB-0090,CUST-417,PLN-PRO,2022-08-06,,138.57,annual,True,active
SUB-0091,CUST-218,PLN-BIZ,2022-12-25,2023-11-02,429.83,monthly,True,cancelled
SUB-0092,CUST-403,PLN-PRO,2022-07-17,,146.57,monthly,True,active
SUB-0093,CUST-421,PLN-PRO,2023-07-29,,147.87,monthly,True,active
SUB-0094,CUST-194,PLN-START,2022-07-08,,47.68,monthly,False,active
SUB-0095,CUST-450,PLN-BIZ,2023-12-27,,407.15,monthly,True,active
SUB-0096,CUST-145,PLN-PRO,2023-09-28,,141.18,monthly,True,suspended
SUB-0097,CUST-120,PLN-PRO,2022-07-22,,135.51,annual,False,active
SUB-0098,CUST-342,PLN-PRO,2022-02-03,,156.39,monthly,True,active
SUB-0099,CUST-319,PLN-PRO,2022-08-18,2023-04-25,156.63,monthly,True,expired
SUB-0100,CUST-070,PLN-PRO,2023-01-13,2023-03-29,163.64,monthly,True,expired
SUB-0101,CUST-417,PLN-BIZ,2023-06-03,2024-04-06,403.41,monthly,True,cancelled
SUB-0102,CUST-100,PLN-BIZ,2023-01-31,,430.32,annual,True,active
SUB-0103,CUST-403,PLN-ENT,2023-02-21,,958.52,monthly,False,active
SUB-0104,CUST-004,PLN-PRO,2022-05-28,2023-01-11,154.42,annual,True,cancelled
SUB-0105,CUST-399,PLN-PRO,2024-01-03,,148.62,monthly,True,active
SUB-0106,CUST-394,PLN-BIZ,2023-01-31,,364.48,annual,True,active
SUB-0107,CUST-391,PLN-START,2022-04-25,2023-04-23,46.04,annual,True,cancelled
SUB-0108,CUST-333,PLN-BIZ,2023-09-27,,417.01,monthly,True,active
SUB-0109,CUST-236,PLN-PRO,2023-04-19,,156.67,annual,True,active
SUB-0110,CUST-353,PLN-START,2022-05-23,2023-06-11,49.84,monthly,True,expired
SUB-0111,CUST-139,PLN-FREE,2022-11-06,,0.0,monthly,True,active
SUB-0112,CUST-391,PLN-BIZ,2022-11-24,,419.44,annual,True,active
SUB-0113,CUST-278,PLN-FREE,2022-09-11,,0.0,monthly,True,active
SUB-0114,CUST-230,PLN-START,2022-12-28,,49.7,monthly,True,active
SUB-0115,CUST-253,PLN-START,2023-04-12,,49.81,monthly,True,active
SUB-0116,CUST-285,PLN-START,2023-06-25,,50.39,annual,True,suspended
SUB-0117,CUST-019,PLN-START,2022-03-20,2022-07-29,49.37,monthly,True,cancelled
SUB-0118,CUST-070,PLN-BIZ,2022-09-06,,401.19,annual,True,active
SUB-0119,CUST-123,PLN-FREE,2022-03-09,,0.0,monthly,True,active
SUB-0120,CUST-058,PLN-BIZ,2023-12-22,2024-08-26,417.67,annual,True,cancelled
SUB-0121,CUST-220,PLN-BIZ,2022-01-27,,386.12,monthly,False,active
SUB-0122,CUST-335,PLN-PRO,2023-06-27,,149.59,monthly,True,active
SUB-0123,CUST-328,PLN-START,2023-11-21,,45.5,monthly,True,active
SUB-0124,CUST-236,PLN-PRO,2023-12-10,,149.15,monthly,True,active
SUB-0125,CUST-428,PLN-START,2023-09-20,,47.42,annual,True,active
SUB-0126,CUST-283,PLN-PRO,2023-08-03,,158.02,monthly,True,active
SUB-0127,CUST-040,PLN-ENT,2023-12-26,,1090.73,monthly,True,active
SUB-0128,CUST-383,PLN-ENT,2023-11-24,,1075.66,monthly,True,active
SUB-0129,CUST-288,PLN-BIZ,2022-05-29,,376.0,annual,True,active
SUB-0130,CUST-318,PLN-START,2022-01-26,,50.79,annual,True,active
SUB-0131,CUST-283,PLN-PRO,2023-05-10,,142.36,monthly,False,active
SUB-0132,CUST-277,PLN-BIZ,2023-12-04,,401.59,monthly,True,active
SUB-0133,CUST-046,PLN-PRO,2023-06-11,,146.61,monthly,True,active
SUB-0134,CUST-280,PLN-PRO,2022-06-24,,159.03,monthly,True,active
SUB-0135,CUST-398,PLN-FREE,2022-09-21,,0.0,monthly,True,active
SUB-0136,CUST-152,PLN-START,2022-05-03,,49.62,monthly,True,active
SUB-0137,CUST-302,PLN-LEGACY,2022-02-07,2023-02-05,107.16,monthly,False,expired
SUB-0138,CUST-016,PLN-START,2023-04-08,,52.23,monthly,True,active
SUB-0139,CUST-174,PLN-START,2023-04-25,2024-04-25,50.87,monthly,False,cancelled
SUB-0140,CUST-219,PLN-BIZ,2023-03-16,2024-02-07,421.46,monthly,True,expired
SUB-0141,CUST-492,PLN-ENT,2023-01-18,,1000.44,monthly,True,active
SUB-0142,CUST-108,PLN-PRO,2022-02-04,,141.54,monthly,True,active
SUB-0143,CUST-139,PLN-BIZ,2023-12-29,2024-08-18,372.9,monthly,True,cancelled
SUB-0144,CUST-205,PLN-ENT,2023-02-12,,998.86,monthly,False,active
SUB-0145,CUST-497,PLN-START,2022-06-28,,46.9,monthly,True,active
SUB-0146,CUST-427,PLN-PRO,2022-07-16,,147.92,monthly,True,active
SUB-0147,CUST-018,PLN-PRO,2023-05-23,,154.31,annual,True,active
SUB-0148,CUST-117,PLN-FREE,2023-03-29,,0.0,monthly,True,active
SUB-0149,CUST-411,PLN-BIZ,2022-10-10,2022-11-14,367.08,monthly,False,expired
SUB-0150,CUST-030,PLN-PRO,2022-10-05,2023-05-24,150.72,annual,True,expired
SUB-0151,CUST-428,PLN-PRO,2023-11-28,,152.57,monthly,False,active
SUB-0152,CUST-141,PLN-START,2022-04-02,,53.18,monthly,True,active
SUB-0153,CUST-459,PLN-START,2023-03-28,,44.85,monthly,True,active
SUB-0154,CUST-147,PLN-ENT,2022-11-30,2023-01-31,965.9,monthly,True,cancelled
SUB-0155,CUST-218,PLN-FREE,2022-10-29,,0.0,annual,False,active
SUB-0156,CUST-331,PLN-START,2023-07-04,2024-07-05,50.5,monthly,True,expired
SUB-0157,CUST-064,PLN-START,2023-03-03,2024-03-18,44.97,monthly,False,cancelled
SUB-0158,CUST-279,PLN-PRO,2023-06-14,,146.35,monthly,True,active
SUB-0159,CUST-253,PLN-PRO,2023-07-20,,135.04,monthly,True,active
SUB-0160,CUST-392,PLN-PRO,2022-08-15,2023-08-08,141.03,monthly,True,cancelled
SUB-0161,CUST-499,PLN-FREE,2022-08-22,,0.0,annual,True,active
SUB-0162,CUST-333,PLN-START,2023-08-03,,46.76,monthly,True,active
SUB-0163,CUST-205,PLN-BIZ,2022-09-21,2023-09-10,427.8,annual,False,cancelled
SUB-0164,CUST-204,PLN-PRO,2023-11-07,,162.7,monthly,False,active
SUB-0165,CUST-209,PLN-PRO,2023-03-05,,146.69,monthly,True,active
SUB-0166,CUST-408,PLN-PRO,2023-03-18,,142.7,monthly,True,active
SUB-0167,CUST-161,PLN-BIZ,2023-01-08,,429.94,monthly,True,active
SUB-0168,CUST-084,PLN-LEGACY,2022-07-07,2023-06-06,97.59,monthly,True,expired
SUB-0169,CUST-168,PLN-PRO,2024-01-14,,140.01,annual,True,active
SUB-0170,CUST-012,PLN-PRO,2023-03-08,,159.82,monthly,False,active
SUB-0171,CUST-054,PLN-START,2022-05-08,,51.25,annual,True,active
SUB-0172,CUST-046,PLN-BIZ,2023-09-27,2024-03-20,438.35,monthly,True,expired
SUB-0173,CUST-386,PLN-PRO,2023-07-13,,147.6,annual,True,active
SUB-0174,CUST-362,PLN-BIZ,2022-08-25,,404.22,monthly,True,cancelled
SUB-0175,CUST-349,PLN-BIZ,2023-09-23,,390.74,monthly,True,active
SUB-0176,CUST-231,PLN-PRO,2023-04-01,2023-05-26,148.75,annual,False,cancelled
SUB-0177,CUST-359,PLN-ENT,2023-03-02,2023-09-13,1013.95,monthly,True,expired
SUB-0178,CUST-081,PLN-PRO,2022-06-19,2023-01-20,145.98,monthly,True,cancelled
SUB-0179,CUST-451,PLN-BIZ,2022-02-19,2022-07-25,396.78,annual,True,expired
SUB-0180,CUST-251,PLN-START,2022-03-06,,51.95,annual,True,active
SUB-0181,CUST-470,PLN-PRO,2023-03-14,,142.6,annual,True,suspended
SUB-0182,CUST-077,PLN-PRO,2022-05-05,,154.11,monthly,True,active
SUB-0183,CUST-249,PLN-START,2023-12-13,,47.84,annual,False,active
SUB-0184,CUST-349,PLN-PRO,2023-02-12,2023-03-25,160.17,monthly,True,cancelled
SUB-0185,CUST-248,PLN-ENT,2023-05-20,2024-01-02,977.68,annual,True,expired
SUB-0186,CUST-224,PLN-PRO,2022-01-17,,145.66,annual,True,active
SUB-0187,CUST-084,PLN-START,2022-12-18,2024-03-03,52.85,monthly,True,cancelled
SUB-0188,CUST-191,PLN-START,2022-08-14,,50.4,annual,True,active
SUB-0189,CUST-120,PLN-START,2022-07-07,2024-03-03,45.47,annual,True,expired
SUB-0190,CUST-151,PLN-FREE,2022-10-31,,0.0,monthly,False,active
SUB-0191,CUST-342,PLN-ENT,2022-01-10,,1010.29,monthly,True,active
SUB-0192,CUST-316,PLN-PRO,2022-07-10,,144.69,monthly,True,active
SUB-0193,CUST-304,PLN-START,2023-07-10,,51.79,monthly,True,active
SUB-0194,CUST-181,PLN-PRO,2022-05-29,,160.71,monthly,True,suspended
SUB-0195,CUST-480,PLN-FREE,2023-02-21,,0.0,monthly,True,active
SUB-0196,CUST-044,PLN-START,2022-07-12,,48.61,monthly,True,expired
SUB-0197,CUST-172,PLN-BIZ,2023-06-15,,405.01,monthly,True,active
SUB-0198,CUST-060,PLN-PRO,2022-12-22,,139.31,annual,True,active
SUB-0199,CUST-170,PLN-ENT,2023-08-11,,940.31,monthly,True,active
SUB-0200,CUST-481,PLN-PRO,2023-02-04,,135.08,monthly,True,active
SUB-0201,CUST-184,PLN-PRO,2023-09-21,2024-09-20,136.51,annual,True,expired
SUB-0202,CUST-455,PLN-BIZ,2023-10-15,,414.83,monthly,True,active
SUB-0203,CUST-248,PLN-ENT,2023-03-17,2024-03-03,1029.53,annual,True,expired
SUB-0204,CUST-350,PLN-BIZ,2022-08-25,2022-10-26,364.88,annual,True,expired
SUB-0205,CUST-229,PLN-ENT,2023-05-22,2023-10-09,1067.16,annual,True,expired
SUB-0206,CUST-133,PLN-BIZ,2023-08-23,,429.92,monthly,True,active
SUB-0207,CUST-383,PLN-BIZ,2022-03-18,,387.41,monthly,True,active
SUB-0208,CUST-485,PLN-START,2022-07-14,,45.43,monthly,True,active
SUB-0209,CUST-132,PLN-BIZ,2023-07-26,,410.0,monthly,True,active
SUB-0210,CUST-390,PLN-PRO,2023-06-03,,154.57,monthly,False,active
SUB-0211,CUST-131,PLN-PRO,2022-12-11,2024-03-03,145.59,annual,True,cancelled
SUB-0212,CUST-359,PLN-PRO,2023-07-09,2024-02-19,163.56,annual,True,cancelled
SUB-0213,CUST-395,PLN-ENT,2023-04-16,,969.69,monthly,True,active
SUB-0214,CUST-225,PLN-ENT,2022-12-05,,1098.55,monthly,True,active
SUB-0215,CUST-369,PLN-START,2023-03-23,,45.27,monthly,True,active
SUB-0216,CUST-137,PLN-BIZ,2022-01-17,,417.44,monthly,True,cancelled
SUB-0217,CUST-040,PLN-BIZ,2022-02-03,2024-03-03,428.78,monthly,True,cancelled
SUB-0218,CUST-049,PLN-START,2023-07-29,2024-04-04,44.38,monthly,True,cancelled
SUB-0219,CUST-224,PLN-START,2023-05-22,2024-02-27,48.36,annual,True,expired
SUB-0220,CUST-452,PLN-FREE,2024-01-01,,0.0,monthly,False,active
SUB-0221,CUST-064,PLN-BIZ,2024-01-06,,418.08,monthly,True,active
SUB-0222,CUST-228,PLN-PRO,2023-10-08,,158.31,annual,True,active
SUB-0223,CUST-353,PLN-ENT,2022-12-05,,991.57,annual,True,active
SUB-0224,CUST-102,PLN-PRO,2023-01-28,2023-07-14,153.27,monthly,True,expired
SUB-0225,CUST-361,PLN-ENT,2023-02-12,,908.22,annual,True,active
SUB-0226,CUST-153,PLN-PRO,2022-11-25,,141.41,monthly,True,suspended
SUB-0227,CUST-405,PLN-BIZ,2023-06-24,,377.66,monthly,True,active
SUB-0228,CUST-290,PLN-FREE,2022-10-10,,0.0,monthly,True,active
SUB-0229,CUST-274,PLN-PRO,2022-07-25,,158.39,monthly,True,active
SUB-0230,CUST-089,PLN-BIZ,2023-12-06,,411.84,monthly,True,active
SUB-0231,CUST-232,PLN-ENT,2022-06-11,,990.59,monthly,True,active
SUB-0232,CUST-429,PLN-BIZ,2022-08-27,,367.42,monthly,True,active
SUB-0233,CUST-010,PLN-FREE,2022-08-13,,0.0,monthly,True,active
SUB-0234,CUST-380,PLN-PRO,2023-11-30,,135.18,monthly,True,active
SUB-0235,CUST-247,PLN-FREE,2023-11-23,,0.0,monthly,True,active
SUB-0236,CUST-360,PLN-START,2022-03-30,2022-08-29,46.22,monthly,True,expired
SUB-0237,CUST-332,PLN-PRO,2023-02-01,,134.13,monthly,True,active
SUB-0238,CUST-217,PLN-BIZ,2022-09-06,,402.96,monthly,True,active
SUB-0239,CUST-155,PLN-BIZ,2022-06-16,,361.03,annual,True,active
SUB-0240,CUST-314,PLN-BIZ,2023-03-04,,369.22,monthly,False,active
SUB-0241,CUST-071,PLN-BIZ,2023-04-09,,407.8,annual,True,active
SUB-0242,CUST-293,PLN-BIZ,2023-02-26,,436.87,monthly,True,active
SUB-0243,CUST-048,PLN-FREE,2022-11-12,2023-04-04,0.0,monthly,False,expired
SUB-0244,CUST-325,PLN-START,2022-04-22,,53.87,monthly,True,active
SUB-0245,CUST-315,PLN-PRO,2022-10-23,,162.94,monthly,False,active
SUB-0246,CUST-043,PLN-BIZ,2023-03-02,,415.31,monthly,True,active
SUB-0247,CUST-379,PLN-FREE,2022-09-05,,0.0,monthly,True,active
SUB-0248,CUST-208,PLN-PRO,2022-04-27,,141.37,annual,True,active
SUB-0249,CUST-394,PLN-PRO,2023-10-18,,155.22,annual,True,active
SUB-0250,CUST-021,PLN-FREE,2022-05-01,,0.0,monthly,True,active
SUB-0251,CUST-090,PLN-PRO,2022-12-23,,151.68,monthly,True,active
SUB-0252,CUST-247,PLN-BIZ,2022-10-01,2023-10-03,414.74,monthly,True,expired
SUB-0253,CUST-095,PLN-PRO,2023-02-27,,160.38,monthly,True,active
SUB-0254,CUST-165,PLN-START,2023-05-08,2023-06-11,47.25,monthly,True,cancelled
SUB-0255,CUST-331,PLN-BIZ,2024-01-13,,437.83,monthly,True,active
SUB-0256,CUST-073,PLN-START,2022-05-07,,46.88,monthly,True,active
SUB-0257,CUST-339,PLN-BIZ,2023-11-29,2024-02-23,422.81,annual,False,cancelled
SUB-0258,CUST-052,PLN-START,2023-08-20,,51.71,monthly,False,active
SUB-0259,CUST-088,PLN-PRO,2023-01-24,,144.12,monthly,True,suspended
SUB-0260,CUST-294,PLN-PRO,2023-05-07,,141.49,annual,True,active
SUB-0261,CUST-397,PLN-START,2023-12-29,,45.09,monthly,True,active
SUB-0262,CUST-086,PLN-BIZ,2022-04-30,2022-12-28,402.43,monthly,True,cancelled
SUB-0263,CUST-150,PLN-START,2022-07-10,,45.9,monthly,True,active
SUB-0264,CUST-463,PLN-FREE,2022-04-07,,0.0,annual,True,active
SUB-0265,CUST-495,PLN-START,2022-06-13,,52.13,monthly,True,active
SUB-0266,CUST-291,PLN-BIZ,2023-06-22,,428.93,monthly,True,active
SUB-0267,CUST-224,PLN-BIZ,2023-07-14,2023-11-10,367.04,monthly,True,expired
SUB-0268,CUST-174,PLN-ENT,2022-06-04,,911.23,monthly,True,active
SUB-0269,CUST-307,PLN-START,2023-04-03,,51.85,annual,True,active
SUB-0270,CUST-296,PLN-PRO,2023-09-11,2024-06-09,150.46,monthly,True,cancelled
SUB-0271,CUST-148,PLN-START,2023-04-10,,46.16,annual,True,active
SUB-0272,CUST-012,PLN-PRO,2023-09-14,,151.8,monthly,True,active
SUB-0273,CUST-076,PLN-ENT,2023-02-05,,915.98,annual,True,active
SUB-0274,CUST-480,PLN-BIZ,2022-03-25,2024-03-03,365.44,annual,True,cancelled
SUB-0275,CUST-210,PLN-PRO,2023-02-01,,160.6,annual,True,active
SUB-0276,CUST-242,PLN-PRO,2022-07-28,,155.23,annual,True,active
SUB-0277,CUST-234,PLN-ENT,2022-09-20,,964.27,monthly,True,active
SUB-0278,CUST-392,PLN-PRO,2023-07-11,2024-03-03,148.23,monthly,True,expired
SUB-0279,CUST-033,PLN-START,2022-01-04,,45.48,monthly,False,active
SUB-0280,CUST-042,PLN-PRO,2023-03-28,2023-09-11,145.36,annual,True,cancelled
SUB-0281,CUST-138,PLN-FREE,2022-07-10,,0.0,monthly,False,active
SUB-0282,CUST-244,PLN-START,2022-08-15,,51.02,monthly,True,active
SUB-0283,CUST-336,PLN-FREE,2022-05-19,2022-09-13,0.0,monthly,True,expired
SUB-0284,CUST-246,PLN-PRO,2023-11-25,,156.89,monthly,True,active
SUB-0285,CUST-221,PLN-LEGACY,2023-05-26,,108.41,monthly,True,active
SUB-0286,CUST-469,PLN-START,2023-11-20,,46.54,annual,True,active
SUB-0287,CUST-081,PLN-PRO,2023-10-11,,153.42,annual,True,active
SUB-0288,CUST-286,PLN-ENT,2023-01-07,2023-08-11,1022.45,monthly,True,cancelled
SUB-0289,CUST-272,PLN-BIZ,2022-07-22,,406.8,monthly,True,suspended
SUB-0290,CUST-237,PLN-PRO,2023-11-17,,160.41,monthly,True,active
SUB-0291,CUST-404,PLN-START,2022-11-04,,45.88,annual,True,active
SUB-0292,CUST-134,PLN-BIZ,2023-02-09,,360.4,annual,True,active
SUB-0293,CUST-477,PLN-START,2023-06-27,,52.62,annual,True,active
SUB-0294,CUST-166,PLN-START,2022-06-29,,50.09,monthly,True,active
SUB-0295,CUST-273,PLN-ENT,2022-06-16,,921.86,monthly,True,active
SUB-0296,CUST-261,PLN-PRO,2022-12-15,,156.78,monthly,True,active
SUB-0297,CUST-425,PLN-BIZ,2022-12-07,,402.74,annual,False,active
SUB-0298,CUST-220,PLN-PRO,2022-04-07,,161.4,annual,False,active
SUB-0299,CUST-143,PLN-PRO,2022-12-16,,135.51,monthly,True,active
SUB-0300,CUST-011,PLN-START,2022-06-16,,46.63,monthly,False,active
SUB-0301,CUST-182,PLN-START,2022-05-27,,53.5,annual,True,active
SUB-0302,CUST-414,PLN-START,2022-11-26,,50.72,monthly,True,suspended
SUB-0303,CUST-005,PLN-START,2022-05-21,,53.29,monthly,True,active
SUB-0304,CUST-449,PLN-BIZ,2022-12-23,2023-09-13,415.85,monthly,True,cancelled
SUB-0305,CUST-272,PLN-START,2024-01-19,,45.66,monthly,True,active
SUB-0306,CUST-071,PLN-PRO,2022-07-24,2023-06-11,138.93,monthly,True,cancelled
SUB-0307,CUST-152,PLN-BIZ,2022-12-07,,374.3,monthly,True,active
SUB-0308,CUST-278,PLN-BIZ,2022-04-04,,369.38,monthly,False,active
SUB-0309,CUST-158,PLN-PRO,2022-11-17,,160.95,monthly,True,active
SUB-0310,CUST-055,PLN-PRO,2023-02-26,,155.6,annual,True,active
SUB-0311,CUST-333,PLN-ENT,2022-02-12,2024-03-03,1054.33,monthly,True,cancelled
SUB-0312,CUST-337,PLN-PRO,2022-07-23,,139.26,annual,True,active
SUB-0313,CUST-060,PLN-BIZ,2023-09-13,,410.13,annual,True,suspended
SUB-0314,CUST-141,PLN-ENT,2022-05-04,,1070.62,monthly,True,active
SUB-0315,CUST-122,PLN-BIZ,2023-03-25,,387.34,monthly,True,active
SUB-0316,CUST-330,PLN-START,2023-08-11,,47.35,monthly,True,active
SUB-0317,CUST-366,PLN-PRO,2023-11-19,,143.4,annual,False,active
SUB-0318,CUST-364,PLN-START,2022-02-18,,45.5,annual,True,active
SUB-0319,CUST-470,PLN-PRO,2023-06-02,,136.97,monthly,True,active
SUB-0320,CUST-385,PLN-ENT,2022-05-11,,1019.81,annual,True,active
SUB-0321,CUST-161,PLN-PRO,2023-06-18,,163.44,monthly,True,suspended
SUB-0322,CUST-054,PLN-PRO,2022-01-28,2022-09-02,159.94,monthly,True,expired
SUB-0323,CUST-308,PLN-FREE,2023-09-04,,0.0,annual,True,active
SUB-0324,CUST-459,PLN-ENT,2023-01-04,,933.82,monthly,True,active
SUB-0325,CUST-488,PLN-START,2023-03-08,2023-07-22,51.22,annual,True,cancelled
SUB-0326,CUST-116,PLN-FREE,2022-07-03,2023-02-22,0.0,monthly,True,expired
SUB-0327,CUST-119,PLN-START,2022-07-12,,50.96,monthly,True,active
SUB-0328,CUST-019,PLN-FREE,2023-02-21,2023-10-19,0.0,monthly,True,cancelled
SUB-0329,CUST-071,PLN-PRO,2023-11-30,2024-09-29,156.79,annual,False,cancelled
SUB-0330,CUST-278,PLN-PRO,2023-05-03,,161.76,monthly,True,suspended
SUB-0331,CUST-274,PLN-START,2023-04-16,,44.71,monthly,True,active
SUB-0332,CUST-186,PLN-FREE,2022-09-21,,0.0,annual,True,active
SUB-0333,CUST-155,PLN-START,2022-07-10,,49.88,monthly,True,active
SUB-0334,CUST-415,PLN-PRO,2022-09-24,,134.49,monthly,True,active
SUB-0335,CUST-231,PLN-FREE,2022-01-26,,0.0,monthly,True,active
SUB-0336,CUST-405,PLN-PRO,2023-07-24,,154.83,monthly,True,active
SUB-0337,CUST-482,PLN-START,2022-09-17,,50.74,monthly,True,active
SUB-0338,CUST-159,PLN-START,2022-12-29,2024-03-03,48.41,monthly,True,expired
SUB-0339,CUST-102,PLN-PRO,2022-12-03,2023-12-21,137.08,monthly,True,cancelled
SUB-0340,CUST-477,PLN-PRO,2023-05-09,,142.59,monthly,True,active
SUB-0341,CUST-318,PLN-FREE,2023-11-05,,0.0,monthly,False,active
SUB-0342,CUST-146,PLN-START,2022-08-11,,47.04,monthly,True,suspended
SUB-0343,CUST-311,PLN-BIZ,2022-09-17,2022-12-01,423.09,annual,True,cancelled
SUB-0344,CUST-258,PLN-FREE,2023-12-30,2025-01-13,0.0,monthly,True,expired
SUB-0345,CUST-453,PLN-PRO,2023-01-02,2023-11-27,135.21,annual,True,cancelled
SUB-0346,CUST-128,PLN-PRO,2022-08-20,2022-11-16,150.95,monthly,True,cancelled
SUB-0347,CUST-496,PLN-START,2023-06-07,,44.8,monthly,True,active
SUB-0348,CUST-469,PLN-PRO,2022-09-16,,140.9,monthly,True,active
SUB-0349,CUST-091,PLN-BIZ,2023-12-15,,370.29,annual,True,active
SUB-0350,CUST-083,PLN-BIZ,2023-02-21,,410.3,annual,True,active
SUB-0351,CUST-267,PLN-START,2023-09-07,2024-09-24,48.84,monthly,True,expired
SUB-0352,CUST-023,PLN-START,2022-03-20,,50.61,monthly,True,active
SUB-0353,CUST-150,PLN-START,2022-01-23,,45.02,monthly,True,active
SUB-0354,CUST-218,PLN-PRO,2023-04-17,,146.65,monthly,True,active
SUB-0355,CUST-485,PLN-PRO,2023-02-14,2024-03-03,144.61,annual,True,cancelled
SUB-0356,CUST-497,PLN-START,2023-01-04,,48.87,annual,True,active
SUB-0357,CUST-076,PLN-START,2022-04-12,,48.97,monthly,True,active
SUB-0358,CUST-446,PLN-ENT,2023-12-08,2024-02-07,962.87,monthly,False,expired
SUB-0359,CUST-046,PLN-FREE,2023-06-24,,0.0,monthly,True,active
SUB-0360,CUST-375,PLN-PRO,2022-03-29,2023-04-08,134.86,monthly,True,cancelled
SUB-0361,CUST-423,PLN-BIZ,2022-11-24,,433.87,monthly,True,active
SUB-0362,CUST-446,PLN-START,2022-08-07,,44.73,annual,True,active
SUB-0363,CUST-112,PLN-FREE,2022-09-03,,0.0,monthly,True,active
SUB-0364,CUST-447,PLN-START,2022-01-10,2022-08-31,48.35,annual,True,cancelled
SUB-0365,CUST-058,PLN-ENT,2023-03-30,,1068.31,monthly,True,active
SUB-0366,CUST-260,PLN-FREE,2022-02-20,2023-03-06,0.0,monthly,True,cancelled
SUB-0367,CUST-235,PLN-START,2022-12-04,,46.79,monthly,True,active
SUB-0368,CUST-158,PLN-FREE,2022-10-03,,0.0,monthly,True,active
SUB-0369,CUST-012,PLN-START,2022-05-21,2022-10-23,52.75,monthly,True,cancelled
SUB-0370,CUST-387,PLN-PRO,2023-06-09,,158.59,monthly,True,active
SUB-0371,CUST-168,PLN-START,2023-01-13,,50.68,annual,True,active
SUB-0372,CUST-331,PLN-PRO,2023-01-30,,157.16,monthly,True,expired
SUB-0373,CUST-206,PLN-PRO,2022-03-29,,135.25,monthly,True,active
SUB-0374,CUST-187,PLN-BIZ,2023-02-28,,387.53,monthly,True,active
SUB-0375,CUST-444,PLN-FREE,2023-05-24,,0.0,monthly,True,active
SUB-0376,CUST-048,PLN-LEGACY,2022-04-05,,95.96,monthly,True,active
SUB-0377,CUST-369,PLN-PRO,2022-08-25,,143.94,monthly,True,suspended
SUB-0378,CUST-374,PLN-START,2023-01-31,,45.42,monthly,False,suspended
SUB-0379,CUST-190,PLN-BIZ,2022-01-28,,427.34,monthly,True,active
SUB-0380,CUST-132,PLN-BIZ,2023-01-30,2023-08-16,392.96,monthly,False,cancelled
SUB-0381,CUST-003,PLN-START,2022-12-28,,53.45,monthly,False,active
SUB-0382,CUST-469,PLN-ENT,2023-11-23,,1010.36,monthly,True,active
SUB-0383,CUST-474,PLN-PRO,2022-04-18,,150.46,annual,True,active
SUB-0384,CUST-121,PLN-PRO,2022-07-21,2023-04-17,138.22,monthly,False,expired
SUB-0385,CUST-016,PLN-ENT,2022-01-22,,1047.04,annual,True,active
SUB-0386,CUST-062,PLN-PRO,2023-10-01,,137.38,monthly,True,active
SUB-0387,CUST-034,PLN-BIZ,2022-02-21,,425.69,monthly,False,active
SUB-0388,CUST-416,PLN-START,2022-10-04,2023-02-04,52.7,annual,True,cancelled
SUB-0389,CUST-446,PLN-BIZ,2024-01-19,,399.48,monthly,True,active
SUB-0390,CUST-077,PLN-PRO,2022-04-11,,149.33,monthly,True,active
SUB-0391,CUST-374,PLN-START,2023-06-21,,46.37,monthly,True,active
SUB-0392,CUST-090,PLN-PRO,2022-02-12,,159.44,annual,True,active
SUB-0393,CUST-184,PLN-START,2022-09-22,,50.56,monthly,True,active
SUB-0394,CUST-300,PLN-FREE,2023-02-01,,0.0,monthly,False,active
SUB-0395,CUST-360,PLN-FREE,2023-06-30,,0.0,annual,True,active
SUB-0396,CUST-438,PLN-START,2023-02-26,,49.56,annual,True,active
SUB-0397,CUST-023,PLN-FREE,2024-01-13,2024-06-12,0.0,monthly,True,cancelled
SUB-0398,CUST-099,PLN-START,2022-08-25,,47.26,monthly,True,active
SUB-0399,CUST-141,PLN-BIZ,2022-07-18,,374.09,monthly,True,active
SUB-0400,CUST-156,PLN-BIZ,2023-06-09,2024-04-13,429.24,monthly,True,expired
SUB-0401,CUST-500,PLN-BIZ,2023-09-02,,385.28,annual,True,active
SUB-0402,CUST-389,PLN-START,2023-02-24,,44.11,monthly,False,active
SUB-0403,CUST-161,PLN-BIZ,2022-01-24,2022-03-02,421.53,annual,False,expired
SUB-0404,CUST-486,PLN-PRO,2022-09-19,,157.7,monthly,True,active
SUB-0405,CUST-250,PLN-START,2022-01-06,,46.92,annual,True,active
SUB-0406,CUST-251,PLN-START,2023-08-19,,50.17,monthly,True,suspended
SUB-0407,CUST-217,PLN-PRO,2023-12-27,,147.19,monthly,True,active
SUB-0408,CUST-072,PLN-START,2023-08-28,,48.11,monthly,True,active
SUB-0409,CUST-468,PLN-PRO,2023-09-13,,161.19,annual,True,active
SUB-0410,CUST-007,PLN-ENT,2023-11-09,,987.44,annual,True,active
SUB-0411,CUST-088,PLN-FREE,2023-02-27,,0.0,monthly,True,active
SUB-0412,CUST-115,PLN-FREE,2023-08-17,,0.0,monthly,True,active
SUB-0413,CUST-140,PLN-ENT,2022-06-06,,998.68,monthly,True,suspended
SUB-0414,CUST-066,PLN-PRO,2023-03-05,2024-01-31,159.61,monthly,True,cancelled
SUB-0415,CUST-009,PLN-START,2022-11-09,2023-10-21,51.13,annual,True,cancelled
SUB-0416,CUST-339,PLN-BIZ,2023-04-04,,392.14,monthly,True,active
SUB-0417,CUST-485,PLN-BIZ,2023-04-29,,416.41,monthly,True,active
SUB-0418,CUST-061,PLN-PRO,2023-01-25,,158.24,monthly,True,active
SUB-0419,CUST-149,PLN-PRO,2023-12-21,,155.18,annual,False,active
SUB-0420,CUST-254,PLN-START,2023-09-29,2023-12-31,53.11,annual,True,expired
SUB-0421,CUST-464,PLN-FREE,2023-01-31,,0.0,monthly,True,active
SUB-0422,CUST-348,PLN-PRO,2023-01-26,,159.97,monthly,True,active
SUB-0423,CUST-384,PLN-START,2023-12-01,2024-02-25,49.06,monthly,True,cancelled
SUB-0424,CUST-291,PLN-PRO,2024-01-05,,159.06,monthly,True,active
SUB-0425,CUST-209,PLN-BIZ,2022-01-13,,396.88,monthly,True,active
SUB-0426,CUST-100,PLN-FREE,2023-06-19,,0.0,annual,True,active
SUB-0427,CUST-433,PLN-PRO,2023-03-21,,138.7,monthly,False,active
SUB-0428,CUST-403,PLN-START,2022-04-13,,49.43,annual,True,suspended
SUB-0429,CUST-013,PLN-BIZ,2022-09-05,,396.68,monthly,False,active
SUB-0430,CUST-358,PLN-START,2023-05-01,2023-12-21,45.22,annual,False,cancelled
SUB-0431,CUST-043,PLN-PRO,2022-01-30,2022-12-21,144.35,monthly,True,cancelled
SUB-0432,CUST-370,PLN-PRO,2022-11-18,,148.95,annual,True,cancelled
SUB-0433,CUST-413,PLN-PRO,2023-01-21,,155.29,monthly,False,active
SUB-0434,CUST-066,PLN-PRO,2023-08-13,,139.6,annual,True,active
SUB-0435,CUST-217,PLN-BIZ,2023-10-08,2024-01-12,397.64,annual,True,cancelled
SUB-0436,CUST-062,PLN-PRO,2023-07-26,,138.29,monthly,True,active
SUB-0437,CUST-284,PLN-BIZ,2022-11-13,,384.82,monthly,True,active
SUB-0438,CUST-464,PLN-ENT,2022-07-12,,1048.01,monthly,True,suspended
SUB-0439,CUST-041,PLN-PRO,2022-10-27,,157.7,monthly,True,active
SUB-0440,CUST-199,PLN-PRO,2023-11-18,,157.96,monthly,True,suspended
SUB-0441,CUST-487,PLN-FREE,2022-12-01,2023-10-24,0.0,annual,True,expired
SUB-0442,CUST-151,PLN-BIZ,2022-07-16,,385.28,annual,True,active
SUB-0443,CUST-067,PLN-PRO,2022-02-03,,163.83,annual,False,active
SUB-0444,CUST-245,PLN-PRO,2022-07-18,2022-10-04,162.45,monthly,True,cancelled
SUB-0445,CUST-255,PLN-FREE,2022-11-27,,0.0,monthly,True,active
SUB-0446,CUST-332,PLN-BIZ,2023-12-03,,359.42,monthly,True,active
SUB-0447,CUST-157,PLN-PRO,2022-10-27,2023-03-27,140.03,monthly,True,cancelled
SUB-0448,CUST-478,PLN-PRO,2023-03-07,,152.43,annual,True,active
SUB-0449,CUST-261,PLN-START,2023-06-05,,47.68,monthly,True,active
SUB-0450,CUST-144,PLN-ENT,2023-07-01,,1091.76,monthly,True,active
SUB-0451,CUST-481,PLN-START,2022-12-05,,52.29,monthly,True,active
SUB-0452,CUST-463,PLN-START,2022-04-18,,52.77,monthly,True,active
SUB-0453,CUST-250,PLN-BIZ,2022-05-23,,367.59,annual,True,active
SUB-0454,CUST-013,PLN-ENT,2023-03-02,,982.15,monthly,True,active
SUB-0455,CUST-299,PLN-START,2023-09-09,,46.22,annual,True,active
SUB-0456,CUST-278,PLN-PRO,2023-05-09,,142.34,monthly,True,suspended
SUB-0457,CUST-075,PLN-BIZ,2022-05-13,2022-09-07,363.23,annual,True,cancelled
SUB-0458,CUST-317,PLN-BIZ,2022-10-20,,378.82,annual,True,active
SUB-0459,CUST-421,PLN-PRO,2023-07-26,,140.36,monthly,True,active
SUB-0460,CUST-053,PLN-PRO,2022-08-27,,136.57,monthly,True,active
SUB-0461,CUST-362,PLN-BIZ,2023-11-17,,429.28,monthly,True,active
SUB-0462,CUST-071,PLN-BIZ,2023-11-13,,430.12,monthly,True,active
SUB-0463,CUST-375,PLN-BIZ,2023-12-29,,392.6,monthly,True,suspended
SUB-0464,CUST-210,PLN-PRO,2022-10-12,2023-08-11,151.26,monthly,True,expired
SUB-0465,CUST-004,PLN-START,2022-08-11,,47.49,annual,False,active
SUB-0466,CUST-484,PLN-ENT,2023-10-20,2023-12-08,963.44,monthly,True,cancelled
SUB-0467,CUST-083,PLN-BIZ,2023-06-30,2024-01-26,417.98,monthly,True,expired
SUB-0468,CUST-299,PLN-BIZ,2022-10-05,,373.82,monthly,True,active
SUB-0469,CUST-091,PLN-FREE,2023-12-16,,0.0,monthly,True,active
SUB-0470,CUST-467,PLN-START,2023-08-14,,44.48,monthly,True,active
SUB-0471,CUST-370,PLN-BIZ,2023-02-11,2023-10-18,419.11,monthly,True,expired
SUB-0472,CUST-403,PLN-FREE,2022-02-05,,0.0,monthly,True,active
SUB-0473,CUST-217,PLN-LEGACY,2024-01-11,,106.59,monthly,True,active
SUB-0474,CUST-234,PLN-PRO,2023-05-29,,135.91,monthly,True,cancelled
SUB-0475,CUST-318,PLN-BIZ,2023-06-22,,412.57,monthly,True,active
SUB-0476,CUST-393,PLN-BIZ,2023-10-13,,419.62,annual,True,suspended
SUB-0477,CUST-424,PLN-PRO,2022-11-04,,159.49,annual,True,active
SUB-0478,CUST-009,PLN-START,2023-08-25,2024-04-20,53.26,monthly,True,expired
SUB-0479,CUST-332,PLN-PRO,2023-01-22,2023-12-06,159.46,monthly,True,cancelled
SUB-0480,CUST-055,PLN-PRO,2023-08-23,,162.76,monthly,True,active
SUB-0481,CUST-144,PLN-PRO,2022-12-03,,156.66,annual,False,suspended
SUB-0482,CUST-415,PLN-PRO,2023-03-07,,151.36,monthly,False,active
SUB-0483,CUST-126,PLN-ENT,2023-08-19,,950.05,annual,True,active
SUB-0484,CUST-399,PLN-PRO,2022-11-27,,140.39,monthly,False,active
SUB-0485,CUST-232,PLN-START,2022-06-02,2022-10-02,49.11,monthly,True,cancelled
SUB-0486,CUST-117,PLN-PRO,2023-10-06,,160.22,monthly,True,active
SUB-0487,CUST-168,PLN-PRO,2022-03-05,,149.34,monthly,True,active
SUB-0488,CUST-266,PLN-START,2022-07-31,,48.65,monthly,True,active
SUB-0489,CUST-383,PLN-START,2022-07-28,,53.19,monthly,False,active
SUB-0490,CUST-304,PLN-PRO,2023-08-26,,143.84,monthly,True,active
SUB-0491,CUST-467,PLN-START,2022-02-13,,51.84,monthly,True,active
SUB-0492,CUST-434,PLN-ENT,2022-10-05,,1031.38,monthly,False,active
SUB-0493,CUST-377,PLN-START,2023-12-22,2024-05-31,50.77,annual,True,cancelled
SUB-0494,CUST-302,PLN-FREE,2023-01-04,,0.0,annual,True,active
SUB-0495,CUST-145,PLN-BIZ,2023-01-04,,419.59,annual,True,active
SUB-0496,CUST-207,PLN-BIZ,2023-09-20,2024-06-30,433.55,monthly,True,expired
SUB-0497,CUST-060,PLN-START,2023-11-27,,53.51,monthly,True,active
SUB-0498,CUST-188,PLN-START,2022-01-07,,50.94,monthly,True,active
SUB-0499,CUST-464,PLN-START,2022-01-18,,45.6,monthly,True,active
SUB-0500,CUST-213,PLN-PRO,2022-01-12,2022-05-23,153.44,annual,True,cancelled
SUB-0501,CUST-057,PLN-PRO,2023-01-15,2024-03-03,134.56,monthly,True,expired
SUB-0502,CUST-326,PLN-START,2022-05-14,2023-03-31,44.3,monthly,True,cancelled
SUB-0503,CUST-482,PLN-FREE,2023-04-18,,0.0,annual,True,active
SUB-0504,CUST-434,PLN-PRO,2022-06-16,,151.02,monthly,True,active
SUB-0505,CUST-138,PLN-ENT,2022-02-16,,985.19,monthly,True,suspended
SUB-0506,CUST-227,PLN-PRO,2023-04-20,,142.44,monthly,True,active
SUB-0507,CUST-266,PLN-PRO,2023-07-31,,152.81,monthly,True,active
SUB-0508,CUST-124,PLN-START,2022-04-08,,51.18,monthly,True,active
SUB-0509,CUST-135,PLN-START,2022-09-03,2023-03-08,53.27,monthly,True,expired
SUB-0510,CUST-119,PLN-START,2023-04-11,,48.15,monthly,True,active
SUB-0511,CUST-498,PLN-BIZ,2023-07-25,,394.2,monthly,True,active
SUB-0512,CUST-374,PLN-BIZ,2023-08-20,,381.68,monthly,True,active
SUB-0513,CUST-421,PLN-LEGACY,2023-10-29,,102.02,monthly,False,active
SUB-0514,CUST-409,PLN-ENT,2023-01-17,,1045.42,annual,True,active
SUB-0515,CUST-480,PLN-ENT,2023-12-05,,955.7,monthly,True,active
SUB-0516,CUST-053,PLN-ENT,2022-10-03,,977.21,monthly,True,active
SUB-0517,CUST-441,PLN-FREE,2023-05-20,,0.0,annual,True,active
SUB-0518,CUST-034,PLN-START,2023-06-14,2024-06-06,44.9,monthly,True,cancelled
SUB-0519,CUST-238,PLN-START,2023-05-22,2023-10-01,47.47,annual,True,cancelled
SUB-0520,CUST-298,PLN-PRO,2023-02-27,,141.77,monthly,True,active
SUB-0521,CUST-179,PLN-FREE,2022-05-03,,0.0,monthly,True,active
SUB-0522,CUST-074,PLN-BIZ,2022-03-25,,368.67,annual,True,active
SUB-0523,CUST-097,PLN-PRO,2023-09-05,2024-03-07,134.16,annual,True,expired
SUB-0524,CUST-413,PLN-PRO,2023-10-22,2024-05-10,155.48,annual,True,cancelled
SUB-0525,CUST-160,PLN-START,2022-03-06,2023-02-13,53.65,monthly,False,expired
SUB-0526,CUST-156,PLN-START,2023-09-25,,53.2,monthly,True,active
SUB-0527,CUST-462,PLN-START,2023-05-13,,49.16,monthly,False,active
SUB-0528,CUST-072,PLN-BIZ,2023-10-16,2024-03-03,408.58,monthly,True,cancelled
SUB-0529,CUST-458,PLN-PRO,2022-04-11,,139.83,monthly,True,active
SUB-0530,CUST-461,PLN-BIZ,2023-01-15,,415.35,monthly,True,active
SUB-0531,CUST-300,PLN-START,2023-05-17,,52.07,annual,True,active
SUB-0532,CUST-083,PLN-PRO,2023-09-03,2024-08-18,158.53,monthly,True,expired
SUB-0533,CUST-078,PLN-PRO,2022-10-31,,145.61,monthly,True,active
SUB-0534,CUST-143,PLN-BIZ,2023-01-25,,402.58,monthly,True,active
SUB-0535,CUST-289,PLN-BIZ,2022-07-23,,376.48,annual,True,cancelled
SUB-0536,CUST-077,PLN-START,2023-11-24,,46.13,monthly,True,active
SUB-0537,CUST-228,PLN-ENT,2023-05-05,,1064.66,monthly,False,suspended
SUB-0538,CUST-058,PLN-START,2023-02-03,,49.84,monthly,True,active
SUB-0539,CUST-271,PLN-BIZ,2022-08-06,2023-05-03,398.77,monthly,True,cancelled
SUB-0540,CUST-011,PLN-START,2023-11-27,,48.98,monthly,True,active
SUB-0541,CUST-355,PLN-START,2022-05-20,,45.97,monthly,True,active
SUB-0542,CUST-028,PLN-BIZ,2023-10-13,,429.46,monthly,True,active
SUB-0543,CUST-098,PLN-START,2023-10-19,,46.99,monthly,False,active
SUB-0544,CUST-088,PLN-PRO,2022-02-04,,162.24,annual,True,active
SUB-0545,CUST-416,PLN-PRO,2023-03-22,,163.57,annual,True,active
SUB-0546,CUST-027,PLN-START,2022-04-08,,47.98,monthly,True,active
SUB-0547,CUST-215,PLN-BIZ,2023-06-06,,380.95,monthly,True,suspended
SUB-0548,CUST-296,PLN-BIZ,2022-02-22,,398.84,monthly,True,active
SUB-0549,CUST-258,PLN-BIZ,2022-04-18,,435.22,monthly,True,active
SUB-0550,CUST-341,PLN-START,2023-11-14,,46.03,monthly,True,active
SUB-0551,CUST-402,PLN-PRO,2022-02-11,2022-07-28,138.25,monthly,True,cancelled
SUB-0552,CUST-197,PLN-START,2022-03-07,,48.42,monthly,True,active
SUB-0553,CUST-415,PLN-START,2022-04-11,2024-03-03,47.75,monthly,True,cancelled
SUB-0554,CUST-159,PLN-START,2022-12-17,,53.81,annual,False,cancelled
SUB-0555,CUST-493,PLN-ENT,2022-01-06,,983.63,monthly,True,active
SUB-0556,CUST-253,PLN-BIZ,2022-06-28,,360.23,monthly,True,suspended
SUB-0557,CUST-369,PLN-BIZ,2022-07-20,,386.21,monthly,True,active
SUB-0558,CUST-438,PLN-PRO,2022-09-25,,159.49,monthly,True,active
SUB-0559,CUST-397,PLN-PRO,2022-11-03,,139.59,monthly,True,active
SUB-0560,CUST-426,PLN-PRO,2022-05-02,2022-08-10,152.34,monthly,True,cancelled
SUB-0561,CUST-269,PLN-PRO,2023-11-29,,135.38,monthly,True,active
SUB-0562,CUST-022,PLN-PRO,2022-09-01,,141.57,monthly,True,active
SUB-0563,CUST-247,PLN-START,2023-06-25,,46.27,monthly,True,active
SUB-0564,CUST-091,PLN-START,2022-11-23,,52.94,annual,False,active
SUB-0565,CUST-445,PLN-ENT,2023-05-04,,1031.55,monthly,False,active
SUB-0566,CUST-119,PLN-PRO,2022-06-08,,149.32,monthly,True,active
SUB-0567,CUST-115,PLN-ENT,2023-02-14,,923.88,monthly,True,active
SUB-0568,CUST-125,PLN-START,2023-11-03,,52.4,monthly,True,active
SUB-0569,CUST-322,PLN-PRO,2022-11-28,,156.55,monthly,False,active
SUB-0570,CUST-286,PLN-START,2022-09-14,,48.81,monthly,True,active
SUB-0571,CUST-475,PLN-START,2022-07-18,,47.69,annual,False,active
SUB-0572,CUST-209,PLN-FREE,2023-01-04,,0.0,monthly,True,active
SUB-0573,CUST-142,PLN-START,2022-12-03,,52.22,annual,True,active
SUB-0574,CUST-025,PLN-ENT,2022-12-31,,1089.59,monthly,True,active
SUB-0575,CUST-004,PLN-START,2023-12-27,,51.0,monthly,True,active
SUB-0576,CUST-187,PLN-PRO,2023-07-07,,137.64,annual,True,active
SUB-0577,CUST-463,PLN-PRO,2023-06-06,,161.22,monthly,True,active
SUB-0578,CUST-262,PLN-PRO,2022-03-14,,153.38,monthly,True,active
SUB-0579,CUST-447,PLN-PRO,2022-01-22,,146.22,monthly,True,active
SUB-0580,CUST-051,PLN-START,2022-09-09,2023-01-18,45.63,monthly,True,cancelled
SUB-0581,CUST-047,PLN-ENT,2023-10-23,,1044.81,monthly,True,active
SUB-0582,CUST-417,PLN-BIZ,2023-11-24,,402.13,monthly,True,suspended
SUB-0583,CUST-054,PLN-BIZ,2023-03-08,,373.32,monthly,True,active
SUB-0584,CUST-026,PLN-PRO,2023-09-19,,139.66,monthly,True,active
SUB-0585,CUST-203,PLN-START,2023-01-20,,49.89,monthly,True,active
SUB-0586,CUST-463,PLN-ENT,2023-11-10,2024-06-01,958.05,monthly,True,expired
SUB-0587,CUST-345,PLN-START,2022-08-18,,52.99,monthly,True,active
SUB-0588,CUST-050,PLN-FREE,2023-01-03,,0.0,annual,False,active
SUB-0589,CUST-419,PLN-START,2023-01-24,,47.25,annual,True,active
SUB-0590,CUST-422,PLN-BIZ,2023-10-13,,399.03,annual,True,active
SUB-0591,CUST-401,PLN-PRO,2023-03-19,,159.88,monthly,True,active
SUB-0592,CUST-452,PLN-BIZ,2022-10-31,,434.99,annual,False,active
SUB-0593,CUST-120,PLN-BIZ,2022-10-16,,438.62,monthly,True,active
SUB-0594,CUST-490,PLN-START,2023-04-24,,48.8,annual,False,expired
SUB-0595,CUST-161,PLN-ENT,2023-07-03,,1024.34,monthly,True,active
SUB-0596,CUST-402,PLN-PRO,2022-03-01,,149.28,monthly,True,active
SUB-0597,CUST-290,PLN-PRO,2023-10-04,2023-11-03,155.24,annual,True,expired
SUB-0598,CUST-390,PLN-FREE,2023-02-01,,0.0,monthly,True,active
SUB-0599,CUST-314,PLN-ENT,2022-03-16,,993.89,monthly,True,active
SUB-0600,CUST-322,PLN-START,2023-06-02,,48.36,monthly,True,active
SUB-0601,CUST-309,PLN-FREE,2022-12-20,,0.0,monthly,True,active
SUB-0602,CUST-390,PLN-PRO,2022-12-22,,151.41,monthly,False,active
SUB-0603,CUST-370,PLN-START,2023-05-14,,44.8,monthly,True,active
SUB-0604,CUST-068,PLN-START,2023-01-28,,46.85,annual,True,suspended
SUB-0605,CUST-414,PLN-PRO,2024-01-12,,153.13,monthly,True,active
SUB-0606,CUST-269,PLN-PRO,2022-10-31,,150.09,monthly,False,active
SUB-0607,CUST-162,PLN-ENT,2023-06-20,,1040.33,annual,True,active
SUB-0608,CUST-258,PLN-START,2023-08-15,,49.54,monthly,False,active
SUB-0609,CUST-484,PLN-BIZ,2023-08-03,,411.29,annual,True,expired
SUB-0610,CUST-429,PLN-PRO,2022-04-06,,154.94,monthly,False,active
SUB-0611,CUST-417,PLN-PRO,2022-05-06,,158.14,monthly,True,active
SUB-0612,CUST-232,PLN-PRO,2022-02-22,,148.8,monthly,True,active
SUB-0613,CUST-393,PLN-LEGACY,2024-01-14,2024-03-03,100.04,annual,True,expired
SUB-0614,CUST-193,PLN-ENT,2023-01-25,,922.57,annual,True,active
SUB-0615,CUST-344,PLN-START,2023-09-28,,45.1,monthly,True,suspended
SUB-0616,CUST-320,PLN-START,2022-03-21,,50.12,annual,True,active
SUB-0617,CUST-125,PLN-PRO,2023-07-13,,139.76,monthly,True,cancelled
SUB-0618,CUST-134,PLN-LEGACY,2022-06-01,,102.95,monthly,True,active
SUB-0619,CUST-031,PLN-FREE,2022-03-06,,0.0,monthly,True,suspended
SUB-0620,CUST-070,PLN-PRO,2022-05-20,2022-09-21,154.33,monthly,False,cancelled
SUB-0621,CUST-217,PLN-BIZ,2023-05-29,2023-12-29,373.6,monthly,True,expired
SUB-0622,CUST-239,PLN-BIZ,2022-04-25,,376.53,annual,True,active
SUB-0623,CUST-083,PLN-ENT,2023-07-13,,934.36,monthly,True,active
SUB-0624,CUST-209,PLN-PRO,2024-01-03,,135.08,annual,True,active
SUB-0625,CUST-303,PLN-PRO,2023-08-29,,136.1,monthly,True,active
SUB-0626,CUST-117,PLN-START,2023-10-14,,49.36,monthly,True,active
SUB-0627,CUST-170,PLN-ENT,2023-02-01,2023-11-23,1064.56,monthly,True,expired
SUB-0628,CUST-184,PLN-PRO,2024-01-03,2024-04-14,141.95,annual,True,expired
SUB-0629,CUST-253,PLN-BIZ,2022-04-25,,422.96,monthly,True,active
SUB-0630,CUST-184,PLN-PRO,2022-05-21,,149.92,annual,True,active
SUB-0631,CUST-369,PLN-PRO,2023-11-27,2024-04-08,135.01,monthly,False,cancelled
SUB-0632,CUST-164,PLN-BIZ,2023-01-18,2023-12-16,435.64,annual,True,expired
SUB-0633,CUST-217,PLN-PRO,2023-01-09,,154.54,monthly,True,active
SUB-0634,CUST-190,PLN-ENT,2023-09-04,,1057.56,annual,False,active
SUB-0635,CUST-092,PLN-PRO,2022-03-11,2022-06-27,148.36,annual,False,cancelled
SUB-0636,CUST-343,PLN-PRO,2023-11-04,,135.35,monthly,False,active
SUB-0637,CUST-118,PLN-START,2022-08-05,,50.96,monthly,True,active
SUB-0638,CUST-149,PLN-PRO,2023-12-02,2024-02-27,152.44,monthly,False,expired
SUB-0639,CUST-397,PLN-PRO,2023-11-08,2024-07-18,161.21,monthly,False,expired
SUB-0640,CUST-475,PLN-START,2023-07-26,2024-03-30,44.93,monthly,True,cancelled
SUB-0641,CUST-336,PLN-FREE,2022-06-05,,0.0,annual,True,suspended
SUB-0642,CUST-459,PLN-PRO,2022-11-30,,151.66,monthly,True,active
SUB-0643,CUST-428,PLN-PRO,2022-08-27,,148.16,annual,False,active
SUB-0644,CUST-241,PLN-PRO,2022-09-20,,134.46,monthly,True,active
SUB-0645,CUST-386,PLN-FREE,2022-01-11,,0.0,monthly,False,active
SUB-0646,CUST-165,PLN-START,2023-04-16,,49.2,annual,True,active
SUB-0647,CUST-231,PLN-START,2022-11-29,2024-03-03,52.13,monthly,True,expired
SUB-0648,CUST-268,PLN-BIZ,2023-12-03,,421.97,annual,True,active
SUB-0649,CUST-481,PLN-BIZ,2023-05-26,,424.87,monthly,True,active
SUB-0650,CUST-425,PLN-START,2022-02-14,,46.08,monthly,True,active
SUB-0651,CUST-245,PLN-PRO,2023-12-08,,156.2,annual,False,active
SUB-0652,CUST-327,PLN-START,2022-03-18,,53.31,monthly,True,active
SUB-0653,CUST-102,PLN-START,2023-12-18,,52.33,monthly,True,active
SUB-0654,CUST-403,PLN-START,2022-01-19,2022-02-24,49.11,annual,True,cancelled
SUB-0655,CUST-277,PLN-START,2022-04-04,,49.67,monthly,True,active
SUB-0656,CUST-267,PLN-PRO,2023-06-30,,162.4,annual,False,active
SUB-0657,CUST-384,PLN-ENT,2023-01-25,,1065.4,monthly,True,suspended
SUB-0658,CUST-317,PLN-START,2022-06-29,,50.53,monthly,False,active
SUB-0659,CUST-037,PLN-PRO,2023-06-03,,162.48,monthly,True,active
SUB-0660,CUST-145,PLN-BIZ,2023-11-30,,418.29,monthly,True,active
SUB-0661,CUST-089,PLN-ENT,2023-05-10,,1094.67,annual,True,active
SUB-0662,CUST-368,PLN-PRO,2023-06-21,,148.26,monthly,True,active
SUB-0663,CUST-018,PLN-START,2022-11-20,,46.88,monthly,True,active
SUB-0664,CUST-102,PLN-PRO,2022-11-16,,139.04,monthly,True,active
SUB-0665,CUST-299,PLN-LEGACY,2023-06-27,,92.97,annual,True,active
SUB-0666,CUST-348,PLN-ENT,2022-06-12,,1003.4,monthly,True,active
SUB-0667,CUST-252,PLN-PRO,2022-12-20,,159.19,annual,True,active
SUB-0668,CUST-431,PLN-PRO,2023-02-08,2023-05-23,138.7,annual,True,cancelled
SUB-0669,CUST-460,PLN-LEGACY,2022-02-06,,104.15,monthly,True,active
SUB-0670,CUST-067,PLN-PRO,2022-09-27,,147.19,monthly,True,active
SUB-0671,CUST-477,PLN-BIZ,2023-08-08,2024-03-03,371.63,annual,True,expired
SUB-0672,CUST-308,PLN-PRO,2023-07-14,,134.68,monthly,True,active
SUB-0673,CUST-319,PLN-PRO,2022-10-06,,151.85,annual,True,active
SUB-0674,CUST-048,PLN-ENT,2023-10-19,2024-08-08,931.75,monthly,True,cancelled
SUB-0675,CUST-311,PLN-BIZ,2023-07-11,2024-07-28,371.12,monthly,True,cancelled
SUB-0676,CUST-363,PLN-START,2023-02-06,,44.24,monthly,True,active
SUB-0677,CUST-291,PLN-PRO,2022-06-29,,143.19,monthly,True,active
SUB-0678,CUST-043,PLN-PRO,2022-06-21,2023-02-16,151.75,monthly,True,cancelled
SUB-0679,CUST-262,PLN-PRO,2022-04-14,,141.16,monthly,True,active
SUB-0680,CUST-468,PLN-START,2023-07-14,,52.94,annual,True,active
SUB-0681,CUST-362,PLN-START,2023-03-08,,49.66,annual,True,active
SUB-0682,CUST-069,PLN-ENT,2022-07-26,,958.32,monthly,True,active
SUB-0683,CUST-480,PLN-ENT,2022-08-25,2024-03-03,1074.51,annual,True,cancelled
SUB-0684,CUST-480,PLN-BIZ,2022-08-02,,395.65,monthly,True,active
SUB-0685,CUST-085,PLN-ENT,2023-02-21,2023-11-01,903.15,annual,False,expired
SUB-0686,CUST-401,PLN-BIZ,2023-05-06,,411.8,monthly,True,active
SUB-0687,CUST-204,PLN-BIZ,2023-06-13,,370.99,monthly,True,active
SUB-0688,CUST-297,PLN-BIZ,2023-09-11,,392.69,monthly,True,active
SUB-0689,CUST-223,PLN-PRO,2023-03-22,,162.99,monthly,True,active
SUB-0690,CUST-392,PLN-PRO,2022-05-05,,153.72,annual,True,active
SUB-0691,CUST-499,PLN-START,2022-02-27,,52.98,monthly,True,active
SUB-0692,CUST-398,PLN-PRO,2022-01-31,,148.87,monthly,True,active
SUB-0693,CUST-466,PLN-START,2022-12-03,,46.43,annual,False,active
SUB-0694,CUST-474,PLN-START,2022-12-11,,50.33,annual,True,active
SUB-0695,CUST-046,PLN-PRO,2022-05-14,,159.86,monthly,True,active
SUB-0696,CUST-127,PLN-PRO,2022-03-26,,142.69,monthly,True,active
SUB-0697,CUST-361,PLN-START,2022-01-05,,52.43,annual,True,active
SUB-0698,CUST-296,PLN-BIZ,2022-07-23,,387.64,monthly,True,suspended
SUB-0699,CUST-026,PLN-BIZ,2023-05-20,,427.42,annual,True,cancelled
SUB-0700,CUST-048,PLN-START,2022-12-08,,50.16,monthly,True,active
SUB-0701,CUST-261,PLN-FREE,2023-10-08,,0.0,monthly,True,active
SUB-0702,CUST-309,PLN-START,2022-05-21,,51.51,monthly,True,active
SUB-0703,CUST-084,PLN-BIZ,2023-03-20,,400.26,annual,True,active
SUB-0704,CUST-086,PLN-BIZ,2022-03-27,,383.07,monthly,True,active
SUB-0705,CUST-065,PLN-START,2023-02-12,,51.58,monthly,True,active
SUB-0706,CUST-283,PLN-BIZ,2022-11-07,,420.82,annual,True,active
SUB-0707,CUST-004,PLN-START,2023-09-22,,49.57,annual,True,active
SUB-0708,CUST-287,PLN-LEGACY,2022-06-25,,100.01,annual,True,active
SUB-0709,CUST-238,PLN-ENT,2022-03-27,,1029.76,monthly,True,active
SUB-0710,CUST-233,PLN-LEGACY,2022-03-09,2022-05-15,102.29,annual,True,cancelled
SUB-0711,CUST-340,PLN-START,2022-10-02,2023-07-11,44.58,monthly,False,expired
SUB-0712,CUST-262,PLN-PRO,2023-01-06,,144.69,monthly,False,active
SUB-0713,CUST-364,PLN-PRO,2022-06-14,2022-08-09,141.62,annual,True,expired
SUB-0714,CUST-382,PLN-ENT,2022-09-16,,1035.62,monthly,True,active
SUB-0715,CUST-461,PLN-ENT,2022-07-07,2022-12-30,1048.17,annual,True,expired
SUB-0716,CUST-400,PLN-FREE,2022-01-19,2023-02-22,0.0,annual,False,expired
SUB-0717,CUST-259,PLN-START,2022-07-01,,46.79,annual,True,active
SUB-0718,CUST-247,PLN-BIZ,2023-04-21,,411.81,annual,True,suspended
SUB-0719,CUST-118,PLN-START,2023-02-20,2024-01-21,49.74,monthly,False,expired
SUB-0720,CUST-300,PLN-BIZ,2022-05-03,2022-09-23,388.16,annual,True,cancelled
SUB-0721,CUST-070,PLN-PRO,2023-09-09,2024-06-16,136.46,monthly,True,expired
SUB-0722,CUST-466,PLN-START,2023-05-24,,51.85,annual,False,active
SUB-0723,CUST-423,PLN-BIZ,2022-11-15,,412.73,annual,True,active
SUB-0724,CUST-060,PLN-START,2023-11-16,,50.41,annual,True,cancelled
SUB-0725,CUST-393,PLN-PRO,2022-10-30,,148.9,annual,True,active
SUB-0726,CUST-059,PLN-PRO,2022-06-08,,163.25,monthly,True,active
SUB-0727,CUST-361,PLN-PRO,2022-09-12,,143.98,monthly,True,active
SUB-0728,CUST-044,PLN-PRO,2023-11-24,,163.5,monthly,True,active
SUB-0729,CUST-245,PLN-PRO,2023-06-23,,143.69,annual,True,active
SUB-0730,CUST-329,PLN-ENT,2022-03-21,,1093.56,annual,True,active
SUB-0731,CUST-365,PLN-ENT,2023-02-18,,1034.0,monthly,True,active
SUB-0732,CUST-210,PLN-PRO,2022-08-04,,138.15,monthly,True,active
SUB-0733,CUST-461,PLN-FREE,2023-05-01,2024-05-12,0.0,monthly,True,cancelled
SUB-0734,CUST-388,PLN-BIZ,2023-04-21,,410.06,annual,True,active
SUB-0735,CUST-105,PLN-ENT,2023-04-13,,1068.82,monthly,True,active
SUB-0736,CUST-336,PLN-START,2023-04-13,,46.7,monthly,True,active
SUB-0737,CUST-366,PLN-PRO,2022-09-02,2023-08-13,142.18,monthly,True,expired
SUB-0738,CUST-167,PLN-PRO,2022-09-13,,154.65,monthly,True,active
SUB-0739,CUST-370,PLN-FREE,2022-01-13,,0.0,monthly,True,active
SUB-0740,CUST-450,PLN-PRO,2022-12-22,,135.26,monthly,False,active
SUB-0741,CUST-409,PLN-PRO,2023-09-29,,161.47,monthly,True,active
SUB-0742,CUST-382,PLN-BIZ,2022-12-14,2024-03-03,426.48,annual,True,cancelled
SUB-0743,CUST-318,PLN-BIZ,2022-11-02,2023-10-24,369.03,monthly,False,expired
SUB-0744,CUST-136,PLN-BIZ,2022-08-05,,367.67,monthly,True,active
SUB-0745,CUST-398,PLN-PRO,2023-05-30,,161.41,monthly,True,active
SUB-0746,CUST-183,PLN-START,2023-12-05,2024-05-08,49.78,monthly,True,cancelled
SUB-0747,CUST-267,PLN-BIZ,2022-12-03,,428.92,monthly,True,active
SUB-0748,CUST-158,PLN-BIZ,2022-08-18,2023-05-25,361.89,monthly,True,cancelled
SUB-0749,CUST-157,PLN-PRO,2022-04-17,,137.42,monthly,True,active
SUB-0750,CUST-079,PLN-BIZ,2022-09-14,,428.9,annual,True,active
SUB-0751,CUST-481,PLN-START,2023-07-25,2023-09-01,51.32,annual,True,expired
SUB-0752,CUST-074,PLN-BIZ,2022-08-03,,395.26,annual,True,active
SUB-0753,CUST-044,PLN-FREE,2022-11-15,2024-03-03,0.0,monthly,True,expired
SUB-0754,CUST-469,PLN-START,2023-06-30,,52.47,monthly,True,expired
SUB-0755,CUST-278,PLN-PRO,2023-10-29,,146.03,monthly,True,active
SUB-0756,CUST-219,PLN-FREE,2023-08-05,,0.0,annual,True,active
SUB-0757,CUST-369,PLN-FREE,2022-07-13,,0.0,monthly,True,active
SUB-0758,CUST-192,PLN-FREE,2022-04-11,,0.0,monthly,True,active
SUB-0759,CUST-064,PLN-PRO,2022-12-19,,146.85,monthly,True,active
SUB-0760,CUST-365,PLN-BIZ,2023-08-19,,378.73,monthly,False,active
SUB-0761,CUST-088,PLN-FREE,2023-09-30,,0.0,monthly,True,suspended
SUB-0762,CUST-277,PLN-PRO,2022-09-16,,151.69,monthly,True,active
SUB-0763,CUST-475,PLN-BIZ,2023-12-26,,394.75,monthly,True,active
SUB-0764,CUST-469,PLN-START,2023-04-05,2023-08-05,44.79,monthly,True,cancelled
SUB-0765,CUST-181,PLN-START,2022-07-14,,50.03,monthly,True,active
SUB-0766,CUST-391,PLN-BIZ,2023-10-26,2024-10-26,432.21,monthly,True,cancelled
SUB-0767,CUST-307,PLN-BIZ,2022-09-18,2024-03-03,418.63,monthly,True,expired
SUB-0768,CUST-240,PLN-PRO,2022-04-09,2022-10-24,153.12,monthly,True,expired
SUB-0769,CUST-070,PLN-BIZ,2023-08-08,,381.92,monthly,True,active
SUB-0770,CUST-189,PLN-FREE,2022-10-24,,0.0,monthly,True,active
SUB-0771,CUST-326,PLN-PRO,2023-10-14,2023-11-23,137.4,monthly,True,cancelled
SUB-0772,CUST-494,PLN-BIZ,2022-10-01,,397.61,annual,True,active
SUB-0773,CUST-003,PLN-START,2023-11-18,,48.17,annual,True,active
SUB-0774,CUST-359,PLN-BIZ,2023-12-01,2024-03-03,399.13,monthly,False,expired
SUB-0775,CUST-424,PLN-PRO,2023-02-07,,149.22,monthly,True,active
SUB-0776,CUST-476,PLN-BIZ,2023-05-10,,404.56,monthly,True,active
SUB-0777,CUST-212,PLN-PRO,2022-01-13,,153.29,monthly,True,active
SUB-0778,CUST-060,PLN-PRO,2022-12-01,,134.28,monthly,True,active
SUB-0779,CUST-136,PLN-START,2023-02-18,,44.9,monthly,True,active
SUB-0780,CUST-426,PLN-START,2022-08-20,,53.88,annual,True,active
SUB-0781,CUST-439,PLN-BIZ,2023-06-18,,436.26,annual,True,active
SUB-0782,CUST-319,PLN-START,2023-07-17,,45.44,monthly,True,active
SUB-0783,CUST-062,PLN-FREE,2023-11-30,2024-03-03,0.0,monthly,True,expired
SUB-0784,CUST-061,PLN-START,2023-12-18,,47.2,monthly,True,active
SUB-0785,CUST-240,PLN-START,2023-03-02,,48.8,annual,True,active
SUB-0786,CUST-295,PLN-BIZ,2022-11-24,,375.76,monthly,True,active
SUB-0787,CUST-017,PLN-PRO,2023-07-02,,158.38,annual,True,active
SUB-0788,CUST-344,PLN-ENT,2023-03-23,,986.26,monthly,True,active
SUB-0789,CUST-273,PLN-START,2023-05-10,,50.77,monthly,False,active
SUB-0790,CUST-007,PLN-PRO,2022-11-18,,134.57,monthly,True,active
SUB-0791,CUST-048,PLN-PRO,2022-12-04,,150.21,monthly,True,active
SUB-0792,CUST-228,PLN-PRO,2022-07-25,2022-12-11,153.91,annual,True,cancelled
SUB-0793,CUST-362,PLN-BIZ,2022-10-29,,373.38,monthly,True,active
SUB-0794,CUST-413,PLN-ENT,2022-01-31,,1080.71,monthly,True,active
SUB-0795,CUST-216,PLN-BIZ,2023-05-27,,418.16,monthly,True,active
SUB-0796,CUST-148,PLN-START,2023-09-09,,44.82,monthly,True,active
SUB-0797,CUST-485,PLN-START,2022-04-28,,52.71,monthly,True,active
SUB-0798,CUST-230,PLN-PRO,2023-03-20,,146.89,monthly,True,active
SUB-0799,CUST-158,PLN-START,2022-04-14,,50.53,monthly,True,active
SUB-0800,CUST-222,PLN-BIZ,2022-08-28,2024-03-03,375.19,annual,True,expired
SUB-0801,CUST-383,PLN-FREE,2023-11-24,,0.0,annual,True,active
SUB-0802,CUST-363,PLN-BIZ,2023-02-06,,360.96,monthly,True,active
SUB-0803,CUST-319,PLN-BIZ,2022-08-18,2023-04-25,429.82,monthly,True,expired
SUB-0804,CUST-178,PLN-ENT,2022-07-13,2022-11-16,922.13,monthly,True,cancelled
SUB-0805,CUST-359,PLN-BIZ,2022-06-28,2022-11-14,394.41,monthly,True,expired
SUB-0806,CUST-120,PLN-BIZ,2022-07-22,,414.63,monthly,True,active
SUB-0807,CUST-079,PLN-FREE,2022-09-14,,0.0,monthly,True,active
SUB-0808,CUST-343,PLN-START,2023-11-04,,47.66,monthly,True,active
SUB-0809,CUST-043,PLN-PRO,2022-09-04,2024-03-03,152.06,monthly,False,cancelled
SUB-0810,CUST-153,PLN-FREE,2022-11-25,,0.0,monthly,True,suspended
SUB-0811,CUST-172,PLN-ENT,2023-06-15,,1098.84,monthly,True,active
SUB-0812,CUST-393,PLN-START,2023-10-13,,46.73,monthly,True,suspended
SUB-0813,CUST-011,PLN-PRO,2022-06-16,,140.68,monthly,False,active
SUB-0814,CUST-458,PLN-BIZ,2022-04-11,,398.91,monthly,True,active
SUB-0815,CUST-408,PLN-ENT,2023-03-18,,1074.6,annual,True,active
SUB-0816,CUST-362,PLN-START,2022-08-25,,45.29,monthly,True,cancelled
SUB-0817,CUST-266,PLN-ENT,2022-07-31,,923.19,monthly,True,active
SUB-0818,CUST-273,PLN-ENT,2022-12-01,2023-10-11,963.83,annual,True,expired
SUB-0819,CUST-061,PLN-ENT,2023-01-25,,1032.55,annual,True,active
SUB-0820,CUST-477,PLN-ENT,2023-06-27,,931.26,monthly,False,active
